UNIQUE_ID,COLLISION_ID,CRASH_DATE,CRASH_TIME,VEHICLE_ID,STATE_REGISTRATION,VEHICLE_TYPE,VEHICLE_MAKE,VEHICLE_MODEL,VEHICLE_YEAR,TRAVEL_DIRECTION,VEHICLE_OCCUPANTS,DRIVER_SEX,DRIVER_LICENSE_STATUS,DRIVER_LICENSE_JURISDICTION,PRE_CRASH,POINT_OF_IMPACT,VEHICLE_DAMAGE,VEHICLE_DAMAGE_1,VEHICLE_DAMAGE_2,VEHICLE_DAMAGE_3,PUBLIC_PROPERTY_DAMAGE,PUBLIC_PROPERTY_DAMAGE_TYPE,CONTRIBUTING_FACTOR_1,CONTRIBUTING_FACTOR_2,Year
20579409,4692697,2024-01-02,8:11,7a02aaa0-f735-49f8-83b1-f6635149c937,NY,Sedan,BMW -CAR/SUV,,2020.0,North,0.0,,,,Parked,Left Rear Quarter Panel,Left Rear Quarter Panel,No Damage,No Damage,No Damage,N,,Unspecified,Unspecified,2024
20578262,4692010,2024-01-02,8:30,3a7361fb-d97b-414e-9424-b192e6358b26,VA,Sedan,MERZ -CAR/SUV,,2014.0,North,1.0,F,Licensed,NY,Going Straight Ahead,Center Front End,Center Front End,,,,N,,Failure to Keep Right,Unspecified,2024
20583154,4694196,2024-01-02,15:15,0113056a-35ea-4a04-bd01-ee4663b28d17,,,,,,,,,,,,Center Front End,Center Front End,Right Front Bumper,Right Front Quarter Panel,Left Front Bumper,Unspecified,,,,2024
20578290,4692051,2024-01-02,6:28,a9cbb810-28de-458c-b5b8-5716547ee92d,NY,Sedan,BMW -CAR/SUV,,2014.0,East,2.0,M,Permit,NY,Going Straight Ahead,Left Front Bumper,Left Front Bumper,Center Front End,Right Front Bumper,,N,,Driver Inexperience,Unspecified,2024
20578325,4692183,2024-01-02,6:30,fc00bdaf-5224-4737-a461-bfdebcaac955,NY,Sedan,SUBA -CAR/SUV,,2015.0,West,1.0,M,Licensed,NY,Going Straight Ahead,Left Front Bumper,Center Front End,Right Front Bumper,Left Front Quarter Panel,,N,,Failure to Yield Right-of-Way,Unspecified,2024
20578878,4692416,2024-01-02,19:48,0ee2dd32-aa3f-4c26-8fad-84e4003e2016,NY,Sedan,INFI -CAR/SUV,,2021.0,Unknown,0.0,M,Licensed,NY,Parked,Right Rear Quarter Panel,Right Rear Quarter Panel,Right Side Doors,,,N,,Unspecified,Unspecified,2024
20592065,4692413,2024-01-02,5:56,c615e45c-8a51-49c1-b674-23dae55cbc2a,NY,Sedan,JEEP -CAR/SUV,,2005.0,North,0.0,M,Licensed,NY,Going Straight Ahead,Center Front End,Right Front Bumper,Left Front Bumper,,,N,,Unsafe Speed,Pavement Slippery,2024
20578247,4691955,2024-01-02,8:40,8e77f9b9-271b-469c-964c-f7872c088a74,NY,Garbage or Refuse,MACK-TRUCK/BUS,,2018.0,East,0.0,M,Licensed,NY,Making Right Turn,No Damage,No Damage,No Damage,No Damage,No Damage,Unspecified,,Unspecified,Unspecified,2024
20578135,4691993,2024-01-02,9:40,304363bf-1cba-4dcf-aa86-059ac6c58553,NY,Station Wagon/Sport Utility Vehicle,NISS -CAR/SUV,,2018.0,South,1.0,F,Licensed,NY,Making Left Turn,Left Front Quarter Panel,Left Front Quarter Panel,,,,N,,Driver Inattention/Distraction,Driver Inattention/Distraction,2024
20578151,4691945,2024-01-02,6:11,42345520-f1e6-4c0d-8807-be5d543b6276,NY,Station Wagon/Sport Utility Vehicle,TOYT -CAR/SUV,,2018.0,North,1.0,M,Licensed,NY,Stopped in Traffic,Left Rear Bumper,Left Rear Bumper,Left Rear Quarter Panel,,,N,,Unspecified,Unspecified,2024
20579071,4692279,2024-01-02,18:00,df02e404-2087-4c02-bf19-eebc2203505a,NY,Sedan,KIA -CAR/SUV,,2022.0,South,0.0,,,,Parked,Left Side Doors,Left Side Doors,,,,N,,Unspecified,Unspecified,2024
20578318,4692151,2024-01-02,20:02,8ea9e8bd-bd9d-4744-91ce-40af2e36e983,NY,Sedan,HOND -CAR/SUV,,2023.0,East,1.0,,,,Backing,Center Back End,Center Back End,,,,N,,Backing Unsafely,Unspecified,2024
20580439,4692233,2024-01-02,11:15,9ecb1c22-59ea-4de7-aa3d-aade32538959,NY,Tanker,PTRB-TRUCK/BUS,,1997.0,East,1.0,,,,Parked,Right Front Bumper,Right Front Bumper,,,,N,,Unspecified,Unspecified,2024
20578869,4692266,2024-01-02,8:55,f9bc92f9-4f49-46fa-9775-0bf617f007f6,NY,Sedan,BMW -CAR/SUV,,2012.0,West,0.0,,,,Parked,Left Rear Quarter Panel,Left Rear Quarter Panel,,,,N,,Unspecified,Unspecified,2024
20578345,4692105,2024-01-02,0:18,200ff327-d8e5-48b1-8e05-10fd914bacff,NY,Station Wagon/Sport Utility Vehicle,NISS -CAR/SUV,,2014.0,West,0.0,M,Licensed,NY,Going Straight Ahead,Center Front End,Center Front End,,,,Y,,Reaction to Uninvolved Vehicle,Unspecified,2024
20578295,4692160,2024-01-02,6:00,29f5b39c-7817-45b9-8f87-f059f89aff0a,NY,Station Wagon/Sport Utility Vehicle,HYUN -CAR/SUV,,2020.0,West,1.0,M,Licensed,NY,Going Straight Ahead,Left Front Quarter Panel,Left Front Quarter Panel,Left Side Doors,,,N,,Unspecified,Unspecified,2024
20578127,4691916,2024-01-02,1:10,8516470e-0d6d-4fd0-a86a-0c39e7757c87,,,,,,,,,,,,,,,,,Unspecified,,,,2024
20580840,4693137,2024-01-02,19:01,5f639bdc-ac52-440e-aa76-a051085bf99b,NY,Sedan,AUDI -CAR/SUV,,2019.0,North,0.0,,,,Parked,Right Front Quarter Panel,Right Front Quarter Panel,Right Front Bumper,Center Front End,,N,,Unspecified,Unspecified,2024
20578780,4692435,2024-01-02,19:55,3b23850b-6184-4ef1-80eb-f00bc0b011a6,,Bike,,,,North,1.0,M,Licensed,NY,Going Straight Ahead,Center Front End,No Damage,No Damage,No Damage,No Damage,N,,Traffic Control Disregarded,Unspecified,2024
20578807,4692403,2024-01-02,18:50,886f691a-01cc-4bb2-be60-afd2dece1177,NY,Sedan,KIA -CAR/SUV,,2012.0,South,1.0,M,Licensed,NY,Going Straight Ahead,Center Front End,Center Back End,Right Front Bumper,Left Front Bumper,Right Rear Bumper,N,,Unspecified,Unspecified,2024
20580458,4693028,2024-01-02,15:45,e7fb8050-48d2-4d72-90f7-066b69656b28,NY,Station Wagon/Sport Utility Vehicle,SUBA -CAR/SUV,,2017.0,North,1.0,,,,Parked,Left Rear Bumper,Left Rear Bumper,Left Rear Quarter Panel,Center Back End,No Damage,N,,Unspecified,Unspecified,2024
20578822,4692330,2024-01-02,6:00,86b05e6a-e765-462c-87dc-5cbe822a0e73,,,,,,South,,,,,,Center Front End,,,,,Unspecified,,Driver Inattention/Distraction,Driver Inattention/Distraction,2024
20582676,4692382,2024-01-02,12:15,a59b57a5-836f-4052-91e2-998716baa18f,NY,Sedan,LEXS -CAR/SUV,,2008.0,South,1.0,F,Licensed,NY,Stopped in Traffic,Center Front End,Center Front End,No Damage,No Damage,No Damage,Unspecified,,Unspecified,Unspecified,2024
20580820,4693133,2024-01-02,18:12,a61d0fde-173f-42c0-8610-a1809a860ba0,,,,,,North,,,,,Going Straight Ahead,Center Back End,Center Back End,,,,N,,Unspecified,Unspecified,2024
20578855,4692247,2024-01-02,14:00,58a22db9-8ee3-4204-8a0d-657655dd8c03,NY,Station Wagon/Sport Utility Vehicle,CHEV -CAR/SUV,,2018.0,South,1.0,M,Licensed,NY,Merging,Left Rear Quarter Panel,Left Rear Quarter Panel,No Damage,No Damage,No Damage,N,,Unspecified,Unspecified,2024
20578760,4692206,2024-01-02,11:53,24622b71-4249-4c08-a4bc-1878409c0052,NY,Sedan,AUDI -CAR/SUV,,2021.0,East,1.0,M,Licensed,NY,Going Straight Ahead,Left Rear Quarter Panel,Left Rear Quarter Panel,,,,N,,Unspecified,Unspecified,2024
20578751,4692373,2024-01-02,21:50,0ace25c6-2a57-4b0d-bb3c-2be127d9f2fd,NY,Van,FORD-TRUCK/BUS,,2019.0,West,1.0,M,Unlicensed,,Going Straight Ahead,Left Front Bumper,Center Front End,Right Front Bumper,Left Front Bumper,Center Front End,Y,,Driver Inexperience,Driver Inexperience,2024
20578752,4692373,2024-01-02,21:50,71b4e7dc-517e-4849-8b4a-1695e6ea232b,,,,,,,,,,,,,,,,,Unspecified,"DAMAGE DONE TO SIDEWALK, BENCHES, CONCRETE WALL IN FRONT OF 900 RIVERSIDE DRIVE.",,,2024
20585954,4692425,2024-01-02,14:30,91c95886-ad35-43b5-b590-f002ac36adda,NY,Sedan,MERZ -CAR/SUV,,2023.0,North,1.0,M,Licensed,NY,Making Left Turn,Right Front Bumper,No Damage,,,,N,,Unspecified,Unspecified,2024
20578219,4691937,2024-01-02,6:30,a48fbeba-6185-45cb-bddd-7a743e94038e,,Sedan,,,,West,1.0,,,,Going Straight Ahead,Center Front End,Right Front Bumper,,,,N,,Driver Inattention/Distraction,Driver Inexperience,2024
20578862,4692450,2024-01-02,20:30,ae1976b3-6515-49ac-b1d3-57dba01319de,NY,Moped,jiaju 150,,2023.0,East,2.0,M,,,Going Straight Ahead,Center Front End,Center Front End,Right Front Bumper,Left Front Bumper,No Damage,N,,Following Too Closely,Unspecified,2024
20579645,4692510,2024-01-02,19:16,a484765a-c757-429e-b5cc-89d6ec0ccc11,,,,,,,,,,,,,,,,,Unspecified,,Passing Too Closely,,2024
20578850,4692240,2024-01-02,17:39,e7901d06-9244-4286-b595-5c36ea953448,NY,Sedan,AUDI -CAR/SUV,,2018.0,South,1.0,M,Licensed,NY,Going Straight Ahead,Left Front Bumper,Left Front Bumper,Left Rear Bumper,,,N,,Alcohol Involvement,Driver Inattention/Distraction,2024
20578152,4691945,2024-01-02,6:11,175817e3-1199-43d6-a8f5-fac7f1154228,NY,Sedan,NISS -CAR/SUV,,2022.0,North,1.0,M,Licensed,NY,Going Straight Ahead,Right Front Bumper,Right Front Bumper,Right Front Quarter Panel,,,N,,Driver Inattention/Distraction,Following Too Closely,2024
20583741,4692426,2024-01-02,18:35,e28d3dca-2a55-4876-acb7-cd39ab652551,FL,Station Wagon/Sport Utility Vehicle,NISS -CAR/SUV,,2021.0,North,1.0,M,Licensed,GA,Making Right Turn,Right Side Doors,Right Side Doors,Right Front Quarter Panel,,,N,,Unsafe Lane Changing,Unspecified,2024
20578864,4692372,2024-01-02,12:19,7689d05a-d797-42eb-a297-1d34c8436c0c,NJ,Sedan,CHEV -CAR/SUV,,2015.0,South,1.0,M,Licensed,NJ,Slowing or Stopping,Center Back End,Center Back End,Right Rear Bumper,Left Rear Bumper,No Damage,N,,Unspecified,Unspecified,2024
20578254,4692134,2024-01-02,5:05,d96ef516-1a17-4575-9877-fb10515a7f6b,NY,Sedan,TOYT -CAR/SUV,,,East,,,,,Going Straight Ahead,Center Front End,Center Front End,Right Front Bumper,Right Front Quarter Panel,,N,,Unspecified,Unspecified,2024
20578231,4692034,2024-01-02,13:20,b2bbf829-656a-431b-bd99-2fbdad6e917c,NY,Sedan,TOYT -CAR/SUV,,2006.0,West,1.0,M,Licensed,NY,Making Right Turn,Left Front Bumper,Left Front Bumper,No Damage,No Damage,No Damage,N,,Unspecified,Unspecified,2024
20579410,4692697,2024-01-02,8:11,93965c68-eb06-4587-9a51-546c79b1e8bc,,,,,,Unknown,,,,,,Other,Other,Other,Other,Other,Unspecified,,,,2024
20581908,4693440,2024-01-02,15:45,bae50641-e121-4fb9-9770-a5e904a8fc23,NY,Station Wagon/Sport Utility Vehicle,NISS -CAR/SUV,,2018.0,South,1.0,M,Licensed,NY,Slowing or Stopping,Center Back End,Center Back End,Left Rear Bumper,Right Rear Bumper,Undercarriage,N,,Unspecified,Unspecified,2024
20578943,4692460,2024-01-02,15:50,a8f8efbf-6194-4a94-9151-57c81172bd00,NY,Station Wagon/Sport Utility Vehicle,MASE -CAR/SUV,,2017.0,West,2.0,F,Licensed,NY,Going Straight Ahead,Center Front End,Center Front End,Center Back End,,,Unspecified,,Following Too Closely,Unspecified,2024
20581890,4693433,2024-01-02,17:00,a1f398b6-2915-4919-93b5-ef2eff532764,NY,Sedan,HOND -CAR/SUV,,2009.0,West,0.0,,,,Parked,Left Front Quarter Panel,Left Front Quarter Panel,Left Front Bumper,Left Front Bumper,No Damage,N,,Unspecified,Unspecified,2024
20578298,4692061,2024-01-02,8:49,e804b60d-86d5-4ffe-9157-25cf06545988,NY,Station Wagon/Sport Utility Vehicle,VOLK -CAR/SUV,,2019.0,North,1.0,F,Licensed,NY,Changing Lanes,Left Side Doors,Left Side Doors,Left Side Doors,Left Side Doors,Left Side Doors,N,,Unsafe Lane Changing,Failure to Yield Right-of-Way,2024
20585950,4695455,2024-01-02,13:00,4e15e196-c196-46fd-8b96-17827fa47d05,,,,,,West,,,,,Going Straight Ahead,Center Front End,No Damage,No Damage,No Damage,No Damage,Unspecified,,Unsafe Speed,Driver Inattention/Distraction,2024
20587131,4695983,2024-01-02,7:00,2c6eec8c-3a0b-42fd-97af-38925db68b91,NY,Station Wagon/Sport Utility Vehicle,FORD -CAR/SUV,,2003.0,North,1.0,M,Licensed,NY,Going Straight Ahead,Center Front End,Center Front End,,,,N,,Pavement Slippery,Unspecified,2024
20578339,4692152,2024-01-02,22:00,d6bbd4c6-b051-4367-a844-9d733ddd4e58,NY,Station Wagon/Sport Utility Vehicle,DODG -CAR/SUV,,2014.0,South,0.0,,,,Parked,Right Rear Quarter Panel,Right Rear Quarter Panel,,,,N,,Unspecified,Unspecified,2024
20580126,4692888,2024-01-02,10:50,d2582de1-2f19-4fa5-bd71-c9384a934ef2,NY,Station Wagon/Sport Utility Vehicle,TOYT -CAR/SUV,,2021.0,North,1.0,M,Licensed,NY,Going Straight Ahead,Center Front End,Center Front End,Left Front Bumper,Left Front Quarter Panel,,N,,Following Too Closely,Unspecified,2024
20580514,4692951,2024-01-02,15:34,f394bbc1-3bbc-4b15-acff-12ba451aacbf,NY,Sedan,,,2023.0,North,1.0,F,Licensed,NY,Going Straight Ahead,Other,Other,Other,Other,Other,N,,Unspecified,Unspecified,2024
20578797,4692320,2024-01-02,17:45,4ef4c30b-a668-4ad0-88d2-00e6370e4bde,,Moped,ZHEJIANG,,2023.0,West,2.0,M,Unlicensed,,Making Left Turn,Left Front Quarter Panel,Right Front Quarter Panel,No Damage,No Damage,No Damage,N,,Driver Inexperience,Failure to Yield Right-of-Way,2024
20578821,4692330,2024-01-02,6:00,7e0cda00-34c9-4a12-81fb-c9a35fd4fd8c,NY,Station Wagon/Sport Utility Vehicle,CADI -CAR/SUV,,2022.0,South,0.0,,,,Parked,Center Back End,Center Back End,,,,N,,Unspecified,Unspecified,2024
20578417,4692077,2024-01-02,15:10,55443e03-052d-42cf-957c-457c0f973f3f,NY,Station Wagon/Sport Utility Vehicle,CHEV -CAR/SUV,,2020.0,West,4.0,M,Licensed,NY,Going Straight Ahead,No Damage,No Damage,No Damage,No Damage,No Damage,Unspecified,,Unspecified,Unspecified,2024
20592062,4692413,2024-01-02,5:56,cb2eb252-b59e-4e96-8c4d-eec7bd628cfe,NY,Station Wagon/Sport Utility Vehicle,HOND -CAR/SUV,,2008.0,North,0.0,M,Licensed,NY,Going Straight Ahead,Center Back End,Center Back End,,,,N,,Unspecified,Unspecified,2024
20582127,4692139,2024-01-02,15:55,5528ceb6-d81b-4751-89cc-f960a4a4b159,NJ,Pick-up Truck,FORD -CAR/SUV,,,North,1.0,,,,Backing,Right Rear Bumper,,,,,N,,Backing Unsafely,Unspecified,2024
20578308,4692159,2024-01-02,18:00,7c7a7eac-760d-4285-9ea0-58be319b90ab,NY,Station Wagon/Sport Utility Vehicle,HOND -CAR/SUV,,2005.0,South,1.0,M,Licensed,NY,Making Right Turn,Right Front Bumper,Right Front Bumper,,,,Unspecified,,Failure to Yield Right-of-Way,Unspecified,2024
20578741,4692414,2024-01-02,12:45,3e9c73f4-8fd6-4868-9d5f-00a5cb67944f,NY,Sedan,TOYT -CAR/SUV,,2018.0,South,1.0,M,Licensed,NY,Making Right Turn,Right Front Quarter Panel,Right Front Quarter Panel,Right Front Bumper,,,N,,Unspecified,Unspecified,2024
20580459,4693028,2024-01-02,15:45,4d7eb97e-4497-4ff3-9d99-72be61d39758,NY,Carry All,,,,North,1.0,M,Licensed,NY,Making Right Turn,Right Rear Quarter Panel,Right Rear Quarter Panel,Right Rear Bumper,Center Back End,No Damage,N,,Turning Improperly,Passing Too Closely,2024
20578220,4691937,2024-01-02,6:30,ecf040f2-2efc-418c-b05d-2362f23cc12e,,Bike,,,,North,1.0,M,Licensed,NY,Going Straight Ahead,Center Front End,Center Front End,,,,N,,Unspecified,Unspecified,2024
20579003,4692217,2024-01-02,23:57,3a607554-4f92-433f-a757-4aa4bfb5aac1,NY,Sedan,MAZD -CAR/SUV,,2022.0,North,1.0,M,Licensed,NY,Other*,Center Front End,Center Front End,,,,N,,Unspecified,Unspecified,2024
20578798,4692320,2024-01-02,17:45,33fadef7-d025-4bca-94c3-85862237d175,CT,Station Wagon/Sport Utility Vehicle,CHRY -CAR/SUV,,2014.0,West,2.0,M,Licensed,NY,Going Straight Ahead,Right Front Quarter Panel,Right Front Quarter Panel,No Damage,No Damage,No Damage,N,,Unspecified,Unspecified,2024
20579651,4692670,2024-01-02,20:34,76d3f242-7137-415c-8f58-fa58e32be0b9,NY,Station Wagon/Sport Utility Vehicle,HOND -CAR/SUV,,2017.0,North,2.0,M,Licensed,NY,Going Straight Ahead,Left Front Bumper,Left Front Bumper,No Damage,No Damage,No Damage,N,,Unspecified,Unspecified,2024
20578980,4692288,2024-01-02,14:30,03c738ec-5562-411d-9058-110f6b47dccd,NY,Sedan,TOYT -CAR/SUV,,2006.0,North,0.0,,,,Parked,Right Rear Bumper,Right Rear Bumper,No Damage,No Damage,No Damage,N,,Unspecified,Unspecified,2024
20582684,4694013,2024-01-02,9:15,8a235bb6-8cf7-4982-8d28-42f5943f7482,,FIRE TRUCK,,,,East,1.0,M,,,Passing,No Damage,No Damage,,,,Unspecified,,Passing Too Closely,Unspecified,2024
20578391,4692066,2024-01-02,7:20,2f8ae393-d20e-4b1e-b9d0-e04155e2232a,NY,Station Wagon/Sport Utility Vehicle,HYUN -CAR/SUV,,2021.0,West,1.0,F,Licensed,NY,Going Straight Ahead,Right Rear Quarter Panel,Right Rear Quarter Panel,Right Side Doors,,,N,,Unsafe Speed,Unsafe Speed,2024
20589733,4693040,2024-01-02,10:06,bb20b956-816e-42ea-8c38-728845559be1,NY,Sedan,HOND -CAR/SUV,,2008.0,Northwest,1.0,F,Licensed,NY,Slowing or Stopping,Left Front Bumper,Center Front End,Right Front Bumper,,,N,,Unsafe Speed,Driver Inattention/Distraction,2024
20578153,4692106,2024-01-02,15:27,db04a965-1e80-455c-bb74-911d203d6edb,NY,Station Wagon/Sport Utility Vehicle,MERZ -CAR/SUV,,2019.0,Southwest,2.0,M,,,Making Left Turn,Left Front Bumper,Left Front Bumper,,,,N,,Driver Inattention/Distraction,Unspecified,2024
20578687,4692408,2024-01-02,9:45,cf978fc2-7d33-4595-a7f7-932edabaf36f,NY,Tractor Truck Diesel,,,,South,1.0,,,,Making Right Turn,Center Front End,Center Front End,No Damage,No Damage,No Damage,N,,Turning Improperly,Driver Inattention/Distraction,2024
20578892,4692213,2024-01-02,6:00,be1d1951-0ee8-4318-b628-73ac6e60ad70,,,,,,North,1.0,,,,Going Straight Ahead,Left Front Bumper,Left Front Bumper,,,,Unspecified,,Following Too Closely,Unsafe Speed,2024
20578306,4692122,2024-01-02,22:10,0b2d62bc-c089-4842-b2b9-93bd2c7694dd,NY,Taxi,CHEV -CAR/SUV,,2020.0,South,1.0,M,Licensed,NY,Making Right Turn,Left Front Bumper,Left Front Bumper,No Damage,No Damage,No Damage,N,,Driver Inattention/Distraction,Unspecified,2024
20578774,4692378,2024-01-02,23:26,2a0d68f9-66e7-482b-9517-9faf38e1ae39,,,,,,,,,,,,,,,,,Unspecified,DAMAGED FENCE,,,2024
20578935,4692420,2024-01-02,18:37,83684269-760a-4156-9198-7cc34920fc36,NY,Station Wagon/Sport Utility Vehicle,VOLV -CAR/SUV,,2023.0,East,1.0,M,Licensed,NY,Going Straight Ahead,Left Rear Quarter Panel,Left Rear Quarter Panel,,,,N,,Unspecified,Unspecified,2024
20578799,4692306,2024-01-02,14:13,665b671a-67cb-41b8-992d-c73840e00258,NY,Bus,BLUI-TRUCK/BUS,,2014.0,East,1.0,F,Licensed,NY,Backing,Center Back End,Center Back End,No Damage,No Damage,No Damage,Unspecified,,Driver Inattention/Distraction,Backing Unsafely,2024
20579599,4692546,2024-01-02,17:30,118c8d01-3fcd-4187-9a08-13e5beb2b31b,NY,Station Wagon/Sport Utility Vehicle,HOND -CAR/SUV,,2013.0,West,0.0,,,,Parked,Right Front Quarter Panel,Right Front Bumper,Right Front Quarter Panel,Center Front End,Left Front Bumper,N,,Unspecified,Unspecified,2024
20578256,4692121,2024-01-02,22:10,5c9eb97b-97c0-49c2-b7c0-eadb0abe73c0,NY,Sedan,MERZ -CAR/SUV,,2017.0,South,1.0,F,Licensed,NY,Going Straight Ahead,Right Front Bumper,Right Front Bumper,Center Front End,Right Front Quarter Panel,No Damage,N,,Unspecified,Unspecified,2024
20578366,4692129,2024-01-02,20:37,10755efa-e4f3-412c-9ddf-7034962f9b61,NY,Sedan,FORD -CAR/SUV,,2022.0,South,1.0,M,Licensed,NY,Entering Parked Position,Right Rear Bumper,Center Back End,Left Rear Bumper,,,N,,Unspecified,Unspecified,2024
20581891,4693433,2024-01-02,17:00,a203c7ab-ad15-4e2c-819a-067572ed6ea6,TX,,,,,West,,,,,Going Straight Ahead,,,,,,Unspecified,,Driver Inattention/Distraction,Driver Inattention/Distraction,2024
20578790,4692297,2024-01-02,19:00,d2b2742b-af6a-4f7a-8b8e-b92fea50b61e,,Sedan,MERZ -CAR/SUV,,,West,,,,,Merging,No Damage,No Damage,,,,N,,Driver Inattention/Distraction,Following Too Closely,2024
20583149,4694158,2024-01-02,18:30,cbd5622e-a0ae-4f36-90b5-d9b76eceacc4,NY,Station Wagon/Sport Utility Vehicle,HOND -CAR/SUV,,2020.0,West,1.0,M,Licensed,NY,Parked,Right Rear Quarter Panel,Right Rear Quarter Panel,Right Side Doors,Right Front Quarter Panel,No Damage,N,,Other Vehicular,Unspecified,2024
20583740,4692426,2024-01-02,18:35,d020f30a-cbcb-4423-ab12-58088eee718c,NY,Sedan,NISS -CAR/SUV,,2015.0,North,1.0,M,Licensed,NY,Going Straight Ahead,Left Front Quarter Panel,Left Front Quarter Panel,Left Front Bumper,,,N,,Unspecified,Unspecified,2024
20584567,4694881,2024-01-02,9:00,5829e553-6fa5-4579-b108-6de44b378189,,,,,,East,,,,,Going Straight Ahead,Right Front Bumper,,,,,Unspecified,,Following Too Closely,Unspecified,2024
20579012,4692356,2024-01-02,21:18,b48d4da3-01e1-4f19-9904-4e6653af37a0,NY,Sedan,FORD -CAR/SUV,,2017.0,North,2.0,M,Licensed,NY,Going Straight Ahead,Right Front Quarter Panel,Right Front Quarter Panel,Right Side Doors,Right Front Bumper,,N,,Unspecified,Unspecified,2024
20579435,4692698,2024-01-02,13:36,4177662a-fb21-4580-8a4c-8e8fee50ef6d,NY,PK,DODG-TRUCK/BUS,,2014.0,North,1.0,F,Licensed,NY,Backing,Right Rear Bumper,No Damage,,,,N,,Backing Unsafely,Driver Inattention/Distraction,2024
20585971,4692421,2024-01-02,14:30,24c6d326-6529-41f2-9916-b38c250265c8,,,,,,,,,,,,,,,,,Unspecified,,,,2024
20581021,4693097,2024-01-02,18:11,d38e132e-bbb9-48c6-80a0-d23f8b5ce307,NY,Station Wagon/Sport Utility Vehicle,MERZ -CAR/SUV,,2023.0,East,1.0,,,,Other*,Center Front End,Center Front End,,,,N,,Aggressive Driving/Road Rage,Unspecified,2024
20578779,4692182,2024-01-02,19:25,97e69ad0-74c2-42f5-849e-ddd7780e1d84,,,,,,,,,,,,,,,,,Unspecified,,,,2024