UNIQUE_ID,COLLISION_ID,CRASH_DATE,CRASH_TIME,VEHICLE_ID,STATE_REGISTRATION,VEHICLE_TYPE,VEHICLE_MAKE,VEHICLE_MODEL,VEHICLE_YEAR,TRAVEL_DIRECTION,VEHICLE_OCCUPANTS,DRIVER_SEX,DRIVER_LICENSE_STATUS,DRIVER_LICENSE_JURISDICTION,PRE_CRASH,POINT_OF_IMPACT,VEHICLE_DAMAGE,VEHICLE_DAMAGE_1,VEHICLE_DAMAGE_2,VEHICLE_DAMAGE_3,PUBLIC_PROPERTY_DAMAGE,PUBLIC_PROPERTY_DAMAGE_TYPE,CONTRIBUTING_FACTOR_1,CONTRIBUTING_FACTOR_2,Year
20582673,4694129,2024-01-02,17:05,4ac5fec9-7d3d-48c5-8c2f-cde4a66e29a5,NY,Taxi,TOYT -CAR/SUV,,2017.0,South,1.0,,,,Merging,Left Front Bumper,No Damage,No Damage,,,N,,Driver Inattention/Distraction,Passing or Lane Usage Improper,2024
20581645,4692504,2024-01-02,21:33,02d869d7-0852-411c-9cbc-832ca814751b,NY,Sedan,HOND -CAR/SUV,,2013.0,South,4.0,M,,,Police Pursuit,Center Back End,Center Back End,Center Back End,Center Back End,Left Rear Bumper,N,,Passing or Lane Usage Improper,Unsafe Speed,2024
20579440,4692027,2024-01-02,9:40,4ed49fce-0a1d-4f7c-b199-6dcb48128f22,NY,Sedan,FORD -CAR/SUV,,2013.0,West,1.0,M,Licensed,NY,Entering Parked Position,No Damage,No Damage,No Damage,No Damage,,N,,Unspecified,Unspecified,2024
20589732,4693040,2024-01-02,10:06,d8ba14ef-8c36-4ca8-b0a6-c4c74f8f0f42,NY,Sedan,HOND -CAR/SUV,,2023.0,North,1.0,M,Licensed,NY,Going Straight Ahead,Left Front Bumper,Center Front End,Right Front Bumper,,,N,,Following Too Closely,Unspecified,2024
20578304,4692123,2024-01-02,10:10,a90005cf-ccc6-4a69-9713-00db47257513,NY,Sedan,TOYT -CAR/SUV,,2024.0,South,2.0,M,Licensed,PA,Going Straight Ahead,Right Front Bumper,Right Front Bumper,Right Front Bumper,Right Front Bumper,No Damage,N,,Unspecified,Turning Improperly,2024
20578891,4692213,2024-01-02,6:00,5fae7119-8c21-4931-83ea-2864546b1420,CA,Pick-up Truck,FORD -CAR/SUV,,2023.0,North,0.0,,,,Parked,Right Rear Bumper,Right Rear Bumper,No Damage,No Damage,No Damage,N,,Unspecified,Unspecified,2024
20578945,4692460,2024-01-02,15:50,33500928-9954-4880-a7a4-e029124e376f,NY,Sedan,GMC -CAR/SUV,,2008.0,West,1.0,M,Licensed,NY,Going Straight Ahead,Center Front End,Center Front End,,,,N,,Following Too Closely,Unspecified,2024
20578377,4692155,2024-01-02,19:52,b0094c97-e55b-4446-8b4d-694c08a0329e,NY,Pick-up Truck,FORD -CAR/SUV,,2010.0,North,1.0,M,Licensed,NY,Parked,Left Rear Quarter Panel,Left Rear Quarter Panel,Left Rear Quarter Panel,Left Rear Quarter Panel,Left Rear Quarter Panel,N,,Unspecified,Unspecified,2024
20578410,4692167,2024-01-02,22:30,704c1519-ce0e-4ac2-9a8f-b10d0721c34c,NY,Moped,Zhilo,,2024.0,North,1.0,M,Permit,NY,Making Left Turn,Left Front Quarter Panel,Left Front Quarter Panel,,,,N,,Driver Inattention/Distraction,Driver Inexperience,2024
20578156,4691918,2024-01-02,6:02,cc7db969-08da-4ca9-a815-8c3592adf195,NY,Sedan,HOND -CAR/SUV,,2013.0,North,1.0,M,Licensed,NY,Going Straight Ahead,Right Side Doors,Right Side Doors,No Damage,No Damage,No Damage,N,,Unspecified,Unspecified,2024
20578240,4692163,2024-01-02,6:00,82c01e40-b073-4130-bea5-47570cd559f2,NY,Station Wagon/Sport Utility Vehicle,CHEV -CAR/SUV,,2008.0,West,1.0,M,Licensed,CT,Going Straight Ahead,Center Front End,Center Front End,,,,N,,Pavement Slippery,Unspecified,2024
20578286,4691997,2024-01-02,6:15,3d9565e8-ccf1-4908-aec9-792d2fc340ca,NY,Sedan,TOYT -CAR/SUV,,2005.0,East,0.0,,,,Parked,Right Front Bumper,Right Front Bumper,Right Front Quarter Panel,Center Front End,Right Side Doors,N,,Unspecified,Unspecified,2024
20578789,4692297,2024-01-02,19:00,39927e3b-8301-4af2-a522-b5c1f6e8adf3,NY,Station Wagon/Sport Utility Vehicle,TOYT -CAR/SUV,,2023.0,West,1.0,M,,NY,Going Straight Ahead,Left Rear Bumper,Left Rear Bumper,Left Rear Quarter Panel,,,N,,Unspecified,Unspecified,2024
20578927,4692287,2024-01-02,20:22,694469c9-45e5-4ffb-8d2c-c66b1e9b10c6,,,JEEP -CAR/SUV,,,,,,,,,,,,,,Unspecified,,,,2024
20578249,4692015,2024-01-02,10:15,a766e0c9-fc9e-45e6-a695-bbdde2ff252d,NY,Station Wagon/Sport Utility Vehicle,LEXS -CAR/SUV,,2008.0,South,1.0,,,,Starting from Parking,Right Front Bumper,No Damage,,,,N,,Passing or Lane Usage Improper,Unsafe Lane Changing,2024
20580432,4692119,2024-01-02,21:55,ef5b51a8-be4b-430b-a2f3-0581da877d62,NY,Sedan,HOND -CAR/SUV,,2023.0,West,0.0,M,Licensed,NY,Parked,Center Back End,Center Back End,,,,N,,Unspecified,Unspecified,2024
20578392,4692066,2024-01-02,7:20,e8cb39eb-6c1a-43f6-8494-56e9fb6dd8d0,NY,Bus,STARCRAFT,,2012.0,South,4.0,F,Licensed,NY,Going Straight Ahead,Center Front End,Right Front Bumper,,,,N,,Traffic Control Disregarded,Traffic Control Disregarded,2024
20580841,4693137,2024-01-02,19:01,f324660c-c1e9-4503-b97e-e0e5bf71cacb,NY,Sedan,TOYT -CAR/SUV,,2022.0,North,0.0,,,,Parked,Left Rear Bumper,Left Rear Quarter Panel,Left Front Quarter Panel,Left Side Doors,,N,,Unspecified,Unspecified,2024
20578297,4692061,2024-01-02,8:49,58b1dccc-453f-4f12-b9b6-b956e1fc2b91,NY,Station Wagon/Sport Utility Vehicle,HOND -CAR/SUV,,2022.0,North,1.0,F,Licensed,NY,Going Straight Ahead,Right Front Bumper,Right Front Bumper,Right Front Bumper,Right Front Bumper,Right Front Bumper,N,,Unspecified,Unspecified,2024
20578340,4692152,2024-01-02,22:00,a4b4bb1c-ff9d-49c2-9d3d-3f7fa684662d,NJ,Sedan,TOYT -CAR/SUV,,2007.0,East,1.0,M,Licensed,NJ,Backing,Left Rear Bumper,Left Rear Bumper,,,,N,,Driver Inattention/Distraction,Driver Inexperience,2024
20582087,4693782,2024-01-02,11:20,f8b6e422-fc21-411b-b1ef-1a4039a284a3,,Sedan,,,,South,1.0,,,,Going Straight Ahead,Center Front End,No Damage,No Damage,No Damage,No Damage,N,,Driver Inattention/Distraction,Driver Inattention/Distraction,2024
20578283,4692125,2024-01-02,22:30,29bab205-f5e3-4262-aa01-96ce6d3a8040,NY,Sedan,TOYT -CAR/SUV,,2017.0,West,1.0,,,,Going Straight Ahead,Center Front End,Center Front End,,,,N,,Driver Inattention/Distraction,Driver Inattention/Distraction,2024
20579027,4692292,2024-01-02,22:00,187c5cd8-f6fb-4871-940d-0b7e2cef2345,NY,Motorcycle,TRUM -MCL,,2020.0,Unknown,1.0,M,Licensed,NY,Going Straight Ahead,Overturned,Overturned,,,,N,,Unspecified,Unspecified,2024
20580565,4693009,2024-01-02,13:27,043e98a7-5ff3-451f-9fcc-c8c79d5c845a,NJ,Station Wagon/Sport Utility Vehicle,CHEV -CAR/SUV,,2013.0,West,1.0,M,Licensed,NJ,Slowing or Stopping,Center Back End,Center Back End,Right Rear Bumper,Left Rear Bumper,Left Rear Quarter Panel,N,,Unspecified,Unspecified,2024
20578236,4691964,2024-01-02,0:50,c8bf3c7e-8887-431b-a70b-9252adbcc0bf,,Sedan,INFI -CAR/SUV,,,Southeast,1.0,,,,Going Straight Ahead,Left Front Bumper,Left Front Bumper,Center Front End,Right Front Bumper,,N,,Aggressive Driving/Road Rage,Passing or Lane Usage Improper,2024
20578062,4691986,2024-01-02,10:09,703d1c14-be51-4778-8b76-790ee8ceeaa4,NY,Sedan,VOLK -CAR/SUV,,2014.0,North,2.0,M,Licensed,NY,Slowing or Stopping,Center Back End,No Damage,,,,N,,Unspecified,Unspecified,2024
20578061,4691986,2024-01-02,10:09,73d80007-a3c2-4b23-8afc-c5af71e60648,NY,Sedan,ACUR -CAR/SUV,,2016.0,North,1.0,M,Licensed,NY,Going Straight Ahead,Center Front End,Center Front End,,,,N,,Unspecified,Unspecified,2024
20580512,4692951,2024-01-02,15:34,0bdb7763-00e6-42df-8581-98319eec366e,NY,Station Wagon/Sport Utility Vehicle,CHEV -CAR/SUV,,2017.0,West,2.0,M,Licensed,NY,Going Straight Ahead,Right Front Bumper,Right Front Bumper,Center Front End,Right Front Bumper,Center Front End,N,,Illnes,Lost Consciousness,2024
20582086,4693782,2024-01-02,11:20,6406bea2-6e31-4a75-afa1-af4226660fee,NY,Sedan,JEEP -CAR/SUV,,2015.0,South,1.0,F,Licensed,NY,Going Straight Ahead,Center Back End,Center Back End,No Damage,No Damage,No Damage,N,,Unspecified,Unspecified,2024
20579531,4692577,2024-01-02,18:15,0dc1c0da-bd49-415c-8c70-252e507b43c7,NY,Sedan,HOND -CAR/SUV,,2012.0,West,1.0,,,,Going Straight Ahead,Center Front End,Center Front End,Center Front End,,,N,,Following Too Closely,Driver Inattention/Distraction,2024
20579004,4692217,2024-01-02,23:57,beb8aec0-73e0-4b55-b12e-83da168d3d71,NY,Station Wagon/Sport Utility Vehicle,BMW -CAR/SUV,,2006.0,North,1.0,M,Licensed,NY,Going Straight Ahead,Right Front Bumper,Right Front Bumper,Right Front Quarter Panel,,,Unspecified,,Unspecified,Unspecified,2024
20578970,4692315,2024-01-02,13:45,7dfe4111-2784-4c8c-a87b-cf69f357b15b,FL,Station Wagon/Sport Utility Vehicle,FORD -CAR/SUV,,,East,,,,,Merging,,,,,,N,,Passing or Lane Usage Improper,Failure to Yield Right-of-Way,2024
20581133,4693164,2024-01-02,13:45,9947317b-2d49-4766-ace9-8a2d1378fc52,,,,,,,,,,,,,,,,,Unspecified,,,,2024
20578814,4692205,2024-01-02,16:20,05d2167a-5a6b-4333-a827-27b8d56da739,NY,Sedan,,,2008.0,East,1.0,F,Licensed,NY,Going Straight Ahead,Center Front End,Center Front End,Center Front End,Center Front End,Center Front End,N,,Unspecified,Unspecified,2024
20578239,4692163,2024-01-02,6:00,2c9bf493-20fa-409d-a24f-de729e79dad7,NY,Station Wagon/Sport Utility Vehicle,CHRY -CAR/SUV,,2021.0,West,1.0,M,Licensed,NY,Slowing or Stopping,Center Back End,Center Back End,,,,N,,Unspecified,Unspecified,2024
20578707,4692255,2024-01-02,23:17,25a86156-16e7-4f36-ad5f-6885cee3386c,NY,Taxi,TOYT -CAR/SUV,,2020.0,South,1.0,M,Licensed,NY,Going Straight Ahead,Left Front Bumper,Left Front Bumper,,,,N,,Unspecified,Unspecified,2024
20578415,4692076,2024-01-02,8:29,a9883e5b-5135-4801-a6f1-c8dc13fa4e76,NY,Sedan,TOYT -CAR/SUV,,2022.0,East,0.0,,,,Parked,Left Rear Bumper,Left Rear Bumper,,,,N,,Unspecified,Unspecified,2024
20579408,4692497,2024-01-02,0:35,abba8714-3fcf-4e73-9eb4-904bd7f950d2,,Pick-up Truck,,,,East,1.0,,,,Going Straight Ahead,Right Front Quarter Panel,No Damage,No Damage,No Damage,No Damage,N,,Driver Inattention/Distraction,Failure to Yield Right-of-Way,2024
20580445,4692215,2024-01-02,16:30,d774f9a8-ec1c-4d61-bfc6-ddc91fe7f7ac,NY,FORD AMBUL,,,2017.0,East,2.0,M,Licensed,NY,Going Straight Ahead,Right Rear Quarter Panel,Right Rear Quarter Panel,Right Rear Bumper,,,N,,Unspecified,Unspecified,2024
20582703,4692989,2024-01-02,19:01,662e0910-edea-429c-b6be-6458c84dfc07,NY,Sedan,FORD -CAR/SUV,,2017.0,West,2.0,M,Licensed,NY,Going Straight Ahead,Left Front Bumper,Left Front Bumper,,,,N,,Unspecified,Unspecified,2024
20578904,4692340,2024-01-02,22:30,578a3f34-9c83-45dc-8f47-f5fadff73d4b,NJ,Station Wagon/Sport Utility Vehicle,,,2021.0,South,1.0,M,Licensed,NY,Making Left Turn,Left Front Bumper,Left Front Bumper,,,,N,,Unspecified,Unspecified,2024
20578727,4692321,2024-01-02,12:45,39199622-be8e-4a10-a7d5-a346eb132946,IL,Sedan,TOYT -CAR/SUV,,2007.0,East,1.0,M,Licensed,NY,Starting from Parking,Left Side Doors,Left Side Doors,Left Front Quarter Panel,Right Side Doors,,N,,Failure to Yield Right-of-Way,Driver Inexperience,2024
20578273,4692138,2024-01-02,6:11,9f1943da-912d-479f-b36d-321fabdc5cc8,NY,Sedan,NISS -CAR/SUV,,2022.0,South,0.0,,,,Parked,Right Rear Bumper,Right Rear Bumper,Right Rear Quarter Panel,Center Back End,,N,,Driver Inexperience,Driver Inattention/Distraction,2024
20578357,4691933,2024-01-02,7:10,17993850-73ef-4f36-b8a3-6d75edbcd0e1,NY,Flat Bed,INTL-TRUCK/BUS,,2003.0,East,0.0,,,,Parked,Left Front Bumper,Left Front Bumper,Left Front Quarter Panel,,,N,,Unspecified,Unspecified,2024
20582675,4694018,2024-01-02,9:45,a4cc212d-35c0-4fe0-b29d-a78a4a6d8ea8,,,,,,West,1.0,,,,Going Straight Ahead,Right Front Bumper,Right Front Bumper,No Damage,No Damage,No Damage,N,,Driver Inattention/Distraction,Passing Too Closely,2024
20578988,4692370,2024-01-02,17:21,3997209f-cc98-423b-b458-153a5cfeb211,,Sedan,,,,West,,,,,Going Straight Ahead,Center Front End,Center Front End,Right Front Bumper,Right Front Bumper,Center Front End,N,,Driver Inattention/Distraction,Driver Inexperience,2024
20578836,4692371,2024-01-02,8:04,be0e2952-9553-48f5-b23d-03dab6346ea1,PA,Station Wagon/Sport Utility Vehicle,,,,,1.0,,,,Going Straight Ahead,,,,,,N,,Driver Inattention/Distraction,Unspecified,2024
20578169,4692085,2024-01-02,17:05,a72d9570-3b8d-4a7b-b5ce-483e30a642e6,NY,Sedan,TOYT -CAR/SUV,,2019.0,North,1.0,M,Licensed,NY,Going Straight Ahead,Right Front Quarter Panel,Right Front Quarter Panel,Right Side Doors,,,N,,Passing or Lane Usage Improper,Unspecified,2024
20580866,4693329,2024-01-02,16:00,eeed1d0c-c427-4e09-857f-96242951162a,NY,Sedan,MERZ -CAR/SUV,,2020.0,North,2.0,M,Licensed,NY,Going Straight Ahead,Left Rear Quarter Panel,Left Rear Quarter Panel,,,,N,,Unspecified,Unspecified,2024
20578929,4692195,2024-01-02,16:05,3f3c89d7-7127-4af8-a5d0-c8c62ead8716,NY,Moped,JIAJU,,2022.0,East,1.0,M,Unlicensed,,Going Straight Ahead,No Damage,No Damage,,,,N,,Unspecified,Unspecified,2024
20578709,4692238,2024-01-02,14:16,e8800242-0a0c-4c0e-b124-88471ab14b32,ZZ,Bike,,,,West,1.0,,,,Going Straight Ahead,Center Front End,Center Front End,No Damage,No Damage,No Damage,N,,Passing or Lane Usage Improper,Driver Inattention/Distraction,2024
20578812,4692294,2024-01-02,15:50,d1bf599d-6dfa-4ee3-88e9-ea05726adb7f,NY,Sedan,HYUN -CAR/SUV,,2010.0,West,1.0,F,Licensed,NY,Making Left Turn,Center Front End,Center Front End,No Damage,No Damage,No Damage,N,,Failure to Yield Right-of-Way,Glare,2024
20578775,4692418,2024-01-02,16:20,f6fa9d00-aa1d-4a12-bc2a-a11c66f974f5,NY,Sedan,NISS -CAR/SUV,,2010.0,East,0.0,M,Licensed,NY,Parked,Center Front End,Left Front Bumper,Center Front End,Center Front End,Center Front End,N,,Unspecified,Unspecified,2024
20578168,4692085,2024-01-02,17:05,c90eb7d2-efbb-4208-a35e-db5677d580d0,NY,Station Wagon/Sport Utility Vehicle,ACUR -CAR/SUV,,2020.0,North,1.0,F,Licensed,NY,Going Straight Ahead,Left Front Quarter Panel,Left Front Quarter Panel,Left Front Bumper,,,N,,Unspecified,Unspecified,2024
20578063,4691986,2024-01-02,10:09,9ffc6e64-3863-4655-9361-a38eb4b44015,NY,Sedan,SMRT -CAR/SUV,,2016.0,North,1.0,M,Licensed,NY,Slowing or Stopping,Center Back End,No Damage,,,,N,,Unspecified,Unspecified,2024
20578873,4692210,2024-01-02,8:22,f113830c-e07f-4316-ae5c-1d950a23ca92,NY,Bus,new flyer,,2018.0,East,1.0,M,Licensed,NY,Making Right Turn,Right Front Bumper,No Damage,,,,N,,Passing Too Closely,Unspecified,2024
20578749,4692281,2024-01-02,19:34,7ce1f277-ac5f-44a4-9812-47d2ebe1de72,NJ,Sedan,BMW -CAR/SUV,,2023.0,South,1.0,M,Licensed,NJ,Parked,Left Side Doors,Left Side Doors,Left Side Doors,Left Side Doors,,N,,Unspecified,Unspecified,2024
20578740,4692414,2024-01-02,12:45,455ab50b-5c7a-4973-b821-9734e28851f7,NY,Station Wagon/Sport Utility Vehicle,MAZD -CAR/SUV,,2020.0,South,1.0,M,Licensed,NY,Passing,Left Front Quarter Panel,Left Front Quarter Panel,Left Front Bumper,,,N,,Passing or Lane Usage Improper,Unspecified,2024
20579496,4692578,2024-01-02,8:40,f449ebd4-5354-4b12-9afa-3c692e19874f,NY,Station Wagon/Sport Utility Vehicle,FORD -CAR/SUV,,2019.0,Southeast,1.0,M,Licensed,NY,Making Left Turn,Right Front Bumper,Right Front Bumper,,,,N,,Unspecified,Unspecified,2024
20578179,4692116,2024-01-02,14:40,4b380bbf-458a-419c-bf01-5b09ef3d9199,,Sedan,,,,East,,,,,Making Left Turn,Center Front End,,,,,Unspecified,,Failure to Yield Right-of-Way,Failure to Yield Right-of-Way,2024
20579797,4692522,2024-01-02,22:00,db080905-340c-4fba-bfb3-4d017b189d9c,NY,Station Wagon/Sport Utility Vehicle,MERZ -CAR/SUV,,2017.0,West,0.0,,,,Parked,Right Front Bumper,Right Front Bumper,Right Front Quarter Panel,,,N,,Unspecified,Unspecified,2024
20580079,4692868,2024-01-02,7:30,29ed0cd7-3cb3-41db-9641-53e1f7585ed8,,,,,,East,0.0,,,,Going Straight Ahead,Other,Other,,,,Unspecified,,Unspecified,Unspecified,2024
20578209,4692082,2024-01-02,8:45,61644648-69ea-4f1f-86d5-0f3f7625e8ab,NY,Station Wagon/Sport Utility Vehicle,TOYT -CAR/SUV,,2019.0,Southeast,1.0,F,Licensed,NY,Going Straight Ahead,Center Front End,Center Front End,,,,N,,Unspecified,Unspecified,2024
20579512,4692739,2024-01-02,18:00,400c82f8-6fd8-4483-be36-4cd22dbf0654,NY,Sedan,TOYT -CAR/SUV,,2011.0,South,1.0,F,Licensed,NY,Going Straight Ahead,Left Front Bumper,Left Front Bumper,Left Front Quarter Panel,Left Front Quarter Panel,,Unspecified,,Unspecified,Unspecified,2024
20578329,4691998,2024-01-02,8:00,e7cc5698-829d-4c62-a8d7-e981ff8ca2cf,NY,Station Wagon/Sport Utility Vehicle,JEEP -CAR/SUV,,2022.0,West,1.0,M,Licensed,NY,Slowing or Stopping,Left Rear Bumper,Left Rear Bumper,Left Rear Quarter Panel,,,N,,Unspecified,Unspecified,2024
20578320,4692052,2024-01-02,10:50,2f411977-9785-4ec8-bdfc-b42261ca2be3,,,,,,North,,,,,Starting from Parking,Left Rear Quarter Panel,Left Rear Quarter Panel,No Damage,No Damage,No Damage,N,,Driver Inattention/Distraction,Passing Too Closely,2024
20578065,4692104,2024-01-02,11:00,588aa2f5-aba1-4ea1-8b36-ff6648819322,NY,Sedan,NISS -CAR/SUV,,2023.0,North,1.0,M,Licensed,NY,Parked,Left Rear Quarter Panel,Left Rear Quarter Panel,Left Rear Bumper,Left Side Doors,No Damage,N,,Other Vehicular,Other Vehicular,2024
20581644,4692504,2024-01-02,21:33,10490af9-abc5-440a-8833-51484f4e0de1,NY,Sedan,CHEV -CAR/SUV,,2022.0,South,1.0,M,,,Stopped in Traffic,Center Front End,Center Front End,Center Front End,Center Front End,Center Front End,N,,Unspecified,Unspecified,2024
20578849,4692240,2024-01-02,17:39,31cec7a2-a4a8-4934-9628-6f913171d548,NY,Sedan,TOYT -CAR/SUV,,2017.0,South,1.0,M,Licensed,NY,Parked,Right Rear Quarter Panel,Right Rear Quarter Panel,Right Front Quarter Panel,,,N,,Unspecified,Unspecified,2024
20578813,4692205,2024-01-02,16:20,2e8bba4e-ba12-44af-9c96-2c2b6c53f78d,NY,Sedan,TOYT -CAR/SUV,,2016.0,East,1.0,F,Licensed,NY,Going Straight Ahead,Center Front End,Center Front End,Center Front End,Center Front End,Center Front End,Unspecified,,Unspecified,Unspecified,2024
20581091,4693156,2024-01-02,6:40,58433714-52f7-4faa-9340-a99866c0c114,NY,Sedan,HOND -CAR/SUV,,2014.0,Northeast,1.0,F,Licensed,NY,Making Right Turn,Left Front Quarter Panel,Left Front Quarter Panel,Left Side Doors,,,N,,Unspecified,Unspecified,2024
20578100,4692178,2024-01-02,0:00,c9e2dda6-0859-4509-a12b-0138e9af2dfc,NY,Station Wagon/Sport Utility Vehicle,TOYT -CAR/SUV,,2011.0,Northeast,1.0,,,,Going Straight Ahead,Left Front Bumper,Left Front Quarter Panel,Left Side Doors,,,N,,Driver Inattention/Distraction,Passing or Lane Usage Improper,2024
20593387,4692380,2024-01-02,0:05,c52a2ec7-b741-4ea8-9b49-37e5ba75111b,NJ,Sedan,BMW -CAR/SUV,,2024.0,East,1.0,,,,,Center Front End,Right Front Bumper,,,,N,,Unspecified,Unspecified,2024
20578899,4692214,2024-01-02,15:15,2a8979ba-041f-43b7-9ef3-01f90decce4d,NY,Station Wagon/Sport Utility Vehicle,JEEP -CAR/SUV,,2010.0,Northeast,1.0,F,Licensed,NY,Making Right Turn,Right Front Quarter Panel,Right Front Quarter Panel,Right Side Doors,Right Front Bumper,Right Rear Quarter Panel,N,,Driver Inattention/Distraction,Glare,2024
20578204,4692086,2024-01-02,15:40,19584123-e609-4b2f-bb4b-5c63a0634607,NY,Sedan,HOND -CAR/SUV,,2017.0,North,2.0,M,Licensed,NY,Going Straight Ahead,Right Front Bumper,Right Front Bumper,Center Front End,Right Front Quarter Panel,Right Side Doors,N,,Unspecified,Unspecified,2024
20579013,4692356,2024-01-02,21:18,91249b53-5d85-4ba5-8e6d-f09fa52d56e4,NY,Sedan,HOND -CAR/SUV,,2013.0,North,1.0,M,Unlicensed,,Going Straight Ahead,Left Front Bumper,Left Front Bumper,Left Front Quarter Panel,Left Side Doors,,N,,Unsafe Speed,Unsafe Lane Changing,2024
20579866,4692518,2024-01-02,22:30,abb6e5f0-81a4-4401-b18e-d9cdf15dadd5,,,,,,South,,,,,Going Straight Ahead,Right Front Bumper,,,,,N,,Passing Too Closely,Unspecified,2024
20578776,4692418,2024-01-02,16:20,d197e53d-ecf2-4d2d-849c-b94975859ee5,,,,,,,,,,,,,,,,,N,,,,2024
20579865,4692518,2024-01-02,22:30,bec40ee4-0981-4308-9394-d68999465def,NY,Sedan,LEXS -CAR/SUV,,2022.0,South,0.0,M,Licensed,NY,Parked,Left Rear Quarter Panel,Left Rear Quarter Panel,,,,N,,Unspecified,Unspecified,2024
20578312,4692140,2024-01-02,11:54,f20a225a-d8ba-4911-937c-a7da0630f101,,,,,,,,,,,Going Straight Ahead,,,,,,Unspecified,,Passing or Lane Usage Improper,Unspecified,2024
20580843,4693137,2024-01-02,19:01,53d8f676-f15d-465a-872c-dcfbab6a3d66,NY,Sedan,HYUN -CAR/SUV,,2010.0,North,2.0,F,Licensed,NY,Backing,Center Back End,Center Front End,Right Front Quarter Panel,Right Rear Bumper,,N,,Driver Inattention/Distraction,Backing Unsafely,2024
20578786,4692327,2024-01-02,3:42,60123502-b3e6-4496-9516-85de6c895862,NY,Station Wagon/Sport Utility Vehicle,TOYT -CAR/SUV,,2015.0,Northeast,1.0,F,Licensed,NY,Going Straight Ahead,Left Front Bumper,Left Front Bumper,Left Front Quarter Panel,Left Side Doors,Left Rear Quarter Panel,N,,Pavement Slippery,Unspecified,2024